1.0575,1.0575,1.0575,1.0575,1.0575,1.0575,1.0575,1.0575,1.0575,1.0575,1.0575,1.0575,1.0575,1.0575,1.0575,1.0575,1.0575,1.0575,1.0575,1.0575,1.0575,1.0575,1.0575,1.0575,1.0575,1.0575,1.0575,1.0575,1.0575,1.0575,1.0575,1.0575,1.0575,1.0575,1.0575,1.0575,1.0575,1.0575,1.0575,1.0575,1.0575,1.0575,1.0575,1.0575,1.0575,1.0575,1.0575,1.0575,1.0575,1.0575,1.0575,1.0575,1.0575,1.0575,1.0575,1.0575,1.0575,1.0575,1.0575,1.0575,1.0575,1.0575,1.0575,1.0575,1.0575,1.0575,1.0575,1.0575,1.0575,1.0575,1.0575,1.0575,1.0575,1.0575,1.0575,1.0575,1.0575,1.0575,1.0575,1.0575,1.0575,1.0575,1.0575,1.0575,1.0575,1.0575,1.0575,1.0575,1.0575,1.0575,1.0575,1.0575,1.0575,1.0575,1.0575,1.0575,1.0575,1.0575,1.0575,1.0575
0.96359,0.96221,0.96221,0.96221,0.96221,0.96359,0.96221,0.96359,0.96359,0.96359,0.96359,0.96359,0.96359,0.96221,0.96359,0.96221,0.96359,0.96221,0.96221,0.96359,0.96221,0.96221,0.96221,0.96359,0.96221,0.96359,0.96359,0.96359,0.96359,0.96359,0.96359,0.96359,0.96359,0.96359,0.96221,0.96359,0.96221,0.96221,0.96359,0.96221,0.96359,0.96221,0.96359,0.96221,0.96359,0.96359,0.96221,0.96221,0.96221,0.96221,0.96359,0.96359,0.96221,0.96359,0.96221,0.96359,0.96359,0.96221,0.96359,0.96359,0.96221,0.96359,0.96359,0.96221,0.96359,0.96221,0.96359,0.96221,0.96221,0.96221,0.96221,0.96359,0.96359,0.96221,0.96359,0.96221,0.96221,0.96221,0.96359,0.96221,0.96221,0.96359,0.96221,0.96359,0.96359,0.96359,0.96221,0.96221,0.96359,0.96221,0.96359,0.96359,0.96221,0.96221,0.96221,0.96359,0.96359,0.96221,0.96221,0.96359
0.91127,0.86788,0.86788,0.86788,0.86788,0.95928,0.86788,0.95928,0.95928,0.95928,0.95928,0.95928,0.95928,0.86448,0.95928,0.86788,0.95928,0.86788,0.86788,0.95928,0.86788,0.86788,0.86788,0.95928,0.86788,0.91127,0.95928,0.95928,0.95928,0.95928,0.95928,0.95928,0.95928,0.95928,0.86788,0.95928,0.86788,0.86788,0.95928,0.86788,0.95928,0.86788,0.95928,0.86788,0.95928,0.95928,0.86788,0.86788,0.86788,0.86788,0.95928,0.95928,0.86788,0.95928,0.86788,0.95928,0.95928,0.86788,0.95928,0.95928,0.86788,0.95928,0.95928,0.86788,0.95928,0.86788,0.95928,0.86788,0.86448,0.86788,0.86788,0.95928,0.95928,0.86788,0.95928,0.86788,0.86788,0.86788,0.95928,0.86788,0.86788,0.95928,0.86788,0.95928,0.95928,0.95928,0.86788,0.86788,0.95928,0.86788,0.95928,0.95928,0.86788,0.86448,0.86788,0.95928,0.95928,0.86788,0.86788,0.95928
1.0453,0.89775,0.89775,0.89775,0.89775,0.84245,0.89775,0.85061,0.84245,0.84245,0.84245,0.84245,0.84245,0.74872,0.84245,0.89775,0.84245,0.89775,0.89775,0.84245,0.89775,0.89775,0.89775,0.84245,0.89775,1.0453,0.84245,0.84245,0.85061,0.84245,0.84245,0.84245,0.84245,0.84245,0.89775,0.84245,0.89775,0.89775,0.84245,0.89775,0.84245,0.89775,0.84245,0.89775,0.84245,0.84245,0.89775,0.89775,0.89775,0.89775,0.84245,0.84245,0.89775,0.84245,0.89775,0.84245,0.84245,0.89775,0.84245,0.84245,0.89775,0.84245,0.84245,0.89775,0.84245,0.89775,0.84245,0.89775,0.74872,0.89775,0.89775,0.85061,0.84245,0.89775,0.84245,0.89775,0.89775,0.89775,0.84245,0.89775,0.89775,0.84245,0.89775,0.84245,0.84245,0.84245,0.89775,0.89775,0.84245,0.89775,0.84245,0.84245,0.89775,0.74872,0.89775,0.84245,0.84245,0.89775,0.89775,0.84245
0.63609,0.71,0.65787,0.71,0.71,0.71057,0.71,0.76552,0.71057,0.71057,0.71057,0.71057,0.71057,0.69984,0.71057,0.61728,0.71057,0.71,0.71,0.71057,0.71,0.71,0.71,0.71057,0.71,0.63609,0.71057,0.71057,0.76552,0.71057,0.71057,0.71057,0.71057,0.71057,0.71,0.71057,0.71,0.61728,0.71057,0.71,0.71057,0.71,0.71057,0.71,0.71057,0.71057,0.71,0.71,0.71,0.71,0.71057,0.71057,0.71,0.71057,0.61728,0.71057,0.71057,0.65787,0.71057,0.71057,0.71,0.71057,0.71057,0.71,0.71057,0.71,0.71057,0.71,0.69984,0.71,0.71,0.76552,0.71057,0.71,0.71057,0.65787,0.71,0.71,0.71057,0.71,0.71,0.71057,0.65787,0.71057,0.71057,0.71057,0.71,0.71,0.71057,0.71,0.71057,0.71057,0.71,0.69984,0.71,0.71057,0.71057,0.71,0.71,0.71057
0.64636,0.53238,0.59388,0.53238,0.53238,0.58194,0.53238,0.52307,0.58194,0.58194,0.58194,0.58194,0.58194,0.7379,0.58194,0.59408,0.58194,0.53238,0.53238,0.58194,0.53238,0.53238,0.53238,0.58194,0.53238,0.64636,0.58194,0.58194,0.52307,0.58194,0.58194,0.58194,0.58194,0.58194,0.53238,0.55527,0.53238,0.59408,0.58194,0.53238,0.58194,0.53238,0.58194,0.53238,0.58194,0.58194,0.53238,0.53238,0.53238,0.53238,0.58194,0.58194,0.53238,0.58194,0.59408,0.58194,0.55527,0.59388,0.58194,0.58194,0.53238,0.58194,0.58194,0.53238,0.58194,0.53238,0.58194,0.53238,0.7379,0.53238,0.53238,0.52307,0.58194,0.53238,0.55527,0.59388,0.53238,0.53238,0.58194,0.53238,0.53238,0.58194,0.59388,0.55527,0.58194,0.58194,0.53238,0.53238,0.58194,0.53238,0.58194,0.58194,0.53238,0.7379,0.53238,0.58194,0.58194,0.53238,0.53238,0.58194
0.45544,0.48384,0.48197,0.48384,0.48384,0.56814,0.48384,0.56578,0.56814,0.56814,0.56814,0.56814,0.56814,0.50812,0.56814,0.50938,0.56814,0.48384,0.48384,0.56814,0.48384,0.48384,0.48384,0.56814,0.48384,0.45544,0.46884,0.56814,0.56578,0.56814,0.56814,0.56814,0.56814,0.56814,0.48384,0.4708,0.48384,0.50938,0.56814,0.48384,0.56814,0.48384,0.56814,0.48384,0.56814,0.56814,0.48384,0.48384,0.48384,0.48384,0.56814,0.56814,0.48384,0.56814,0.50938,0.56814,0.4708,0.48197,0.56814,0.56814,0.48384,0.56814,0.56814,0.48384,0.56814,0.48384,0.56814,0.48384,0.50812,0.48384,0.48384,0.56578,0.56814,0.48384,0.4708,0.48197,0.48384,0.48384,0.56814,0.48384,0.48384,0.56814,0.48197,0.4708,0.46884,0.56814,0.48384,0.48384,0.56814,0.48384,0.56814,0.46884,0.48384,0.50812,0.48384,0.46884,0.56814,0.48384,0.48384,0.56814
0.36499,0.54334,0.46373,0.54334,0.54334,0.51638,0.54334,0.42624,0.52059,0.51638,0.51638,0.51638,0.51638,0.44239,0.51638,0.49483,0.51638,0.54334,0.54334,0.51638,0.46975,0.54334,0.54334,0.52059,0.54334,0.36499,0.53022,0.52059,0.42624,0.51638,0.51638,0.51638,0.51638,0.51638,0.54334,0.57821,0.54334,0.49483,0.51638,0.54334,0.51638,0.54334,0.51638,0.54334,0.51638,0.51638,0.54334,0.54334,0.54334,0.54334,0.51638,0.51638,0.46975,0.51638,0.49483,0.51638,0.57821,0.46373,0.51638,0.51638,0.54334,0.51638,0.51638,0.46975,0.51638,0.54334,0.51638,0.54334,0.44239,0.54334,0.54334,0.42624,0.51638,0.54334,0.57821,0.46373,0.54334,0.54334,0.51638,0.54334,0.54334,0.51638,0.46373,0.57821,0.53022,0.51638,0.54334,0.54334,0.51638,0.54334,0.51638,0.53022,0.54334,0.44239,0.54334,0.53022,0.51638,0.46975,0.54334,0.51638
0.50059,0.46452,0.46305,0.49058,0.46452,0.42512,0.46452,0.40774,0.5402,0.42512,0.42512,0.42512,0.42512,0.47931,0.42512,0.41966,0.42512,0.46452,0.46452,0.42512,0.46804,0.46452,0.46452,0.5402,0.46452,0.50059,0.42473,0.5402,0.40774,0.42512,0.42512,0.42512,0.42512,0.42512,0.46452,0.46532,0.46452,0.41966,0.42512,0.46452,0.42512,0.46452,0.42512,0.46452,0.42512,0.42512,0.46452,0.46452,0.46452,0.46452,0.42512,0.42512,0.46804,0.42512,0.41966,0.42512,0.46532,0.46305,0.42512,0.42512,0.46452,0.42512,0.42512,0.46804,0.42512,0.46452,0.42512,0.46452,0.47931,0.49058,0.46452,0.40774,0.42512,0.46452,0.46532,0.46305,0.46452,0.46452,0.42512,0.46452,0.46452,0.42512,0.46305,0.46532,0.42473,0.42512,0.46452,0.46452,0.42512,0.46452,0.42512,0.42473,0.46452,0.47931,0.46452,0.42473,0.42512,0.46804,0.46452,0.42512
0.42411,0.37827,0.41797,0.43304,0.37827,0.43123,0.37827,0.46591,0.43396,0.43123,0.43123,0.43123,0.43123,0.43861,0.43123,0.41556,0.43123,0.37827,0.37827,0.43123,0.40827,0.37827,0.37827,0.43396,0.37827,0.42411,0.37341,0.43396,0.46591,0.43123,0.43123,0.43123,0.43123,0.39811,0.37827,0.44972,0.37827,0.41556,0.43123,0.37827,0.43123,0.37827,0.43123,0.37827,0.43123,0.39811,0.37827,0.45589,0.45589,0.37827,0.43123,0.43123,0.40827,0.43123,0.41556,0.43123,0.44972,0.41797,0.43123,0.43123,0.37827,0.43123,0.43123,0.40827,0.43123,0.37827,0.43123,0.37827,0.43861,0.43304,0.37827,0.46591,0.43123,0.37827,0.44972,0.41797,0.37827,0.37827,0.43123,0.37827,0.37827,0.43123,0.41797,0.44972,0.37341,0.43123,0.37827,0.37827,0.43123,0.37827,0.39811,0.37341,0.37827,0.43861,0.37827,0.37341,0.43123,0.40827,0.37827,0.43123
0.63141,0.43646,0.53292,0.45011,0.43646,0.53583,0.43646,0.54585,0.53083,0.53583,0.53583,0.53583,0.53583,0.44153,0.53583,0.52156,0.53583,0.43646,0.43646,0.53583,0.48313,0.43646,0.43646,0.53083,0.43646,0.63141,0.45676,0.53083,0.54585,0.53583,0.53583,0.53583,0.53583,0.52144,0.43646,0.4791,0.43646,0.52156,0.53583,0.43646,0.51011,0.43646,0.53583,0.43646,0.53583,0.52144,0.43646,0.49009,0.49009,0.43646,0.53583,0.53583,0.48313,0.53583,0.52156,0.53583,0.4791,0.53292,0.53583,0.53583,0.43646,0.53583,0.51011,0.48313,0.53583,0.43646,0.53583,0.43646,0.44153,0.45011,0.43646,0.54585,0.53583,0.43646,0.4791,0.53292,0.43646,0.43646,0.53583,0.43646,0.43646,0.53583,0.53292,0.4791,0.45676,0.53583,0.43646,0.43646,0.53583,0.43646,0.52144,0.45676,0.43646,0.44153,0.43646,0.45676,0.53583,0.48313,0.43646,0.53583
0.49322,0.59771,0.58266,0.55702,0.59771,0.57746,0.59771,0.54333,0.58678,0.57746,0.57746,0.57746,0.57746,0.62226,0.57746,0.57777,0.57746,0.59771,0.59771,0.57746,0.62332,0.59771,0.59771,0.58678,0.59771,0.49322,0.57739,0.58678,0.54333,0.57746,0.57746,0.57746,0.57746,0.55253,0.59771,0.52257,0.59771,0.57777,0.57746,0.59771,0.5964,0.59771,0.57746,0.59771,0.57746,0.55253,0.59771,0.49245,0.49245,0.51724,0.57746,0.57746,0.62332,0.57746,0.57777,0.57746,0.52257,0.58266,0.57746,0.57746,0.51724,0.57746,0.5964,0.62332,0.57746,0.59771,0.57746,0.59771,0.62226,0.55702,0.59771,0.54333,0.57746,0.51724,0.52257,0.58266,0.59771,0.59771,0.57746,0.51724,0.59771,0.57746,0.58266,0.52257,0.57739,0.57746,0.59771,0.59771,0.57746,0.59771,0.55253,0.57739,0.59771,0.62226,0.59771,0.57739,0.57746,0.62332,0.59771,0.57746
0.56003,0.58498,0.58054,0.55613,0.58498,0.5959,0.69111,0.60527,0.57751,0.5959,0.5959,0.5959,0.5959,0.61762,0.5959,0.6355,0.5959,0.58498,0.58498,0.5959,0.54605,0.58498,0.58183,0.57751,0.58498,0.56003,0.5636,0.57751,0.60527,0.5959,0.5959,0.5959,0.5959,0.67359,0.58498,0.58244,0.58498,0.6355,0.5959,0.58498,0.66875,0.58498,0.5959,0.58183,0.5959,0.67359,0.58498,0.59785,0.59785,0.57951,0.5959,0.5959,0.54605,0.5959,0.6355,0.5959,0.58244,0.58054,0.5959,0.5959,0.57951,0.5959,0.66875,0.54605,0.5959,0.58498,0.5959,0.58183,0.61762,0.55613,0.58498,0.60527,0.5959,0.57951,0.58244,0.58054,0.58498,0.58498,0.5959,0.57951,0.58498,0.5959,0.58054,0.58244,0.5636,0.5959,0.58498,0.58498,0.5959,0.58498,0.67359,0.5636,0.58183,0.61762,0.58498,0.5636,0.5959,0.54605,0.58498,0.5959
0.75942,0.73445,0.65126,0.87251,0.73445,0.67956,0.64281,0.59672,0.74917,0.67956,0.67956,0.67956,0.67956,0.70771,0.67956,0.51797,0.67956,0.73445,0.73445,0.67956,0.58548,0.73445,0.72515,0.74917,0.73445,0.75942,0.58841,0.74917,0.59672,0.67956,0.67956,0.67956,0.67956,0.66704,0.73445,0.60853,0.73445,0.51797,0.67956,0.78027,0.59877,0.73445,0.67956,0.72515,0.67956,0.66704,0.73445,0.57183,0.57183,0.69914,0.67956,0.67956,0.58548,0.67956,0.51797,0.67956,0.60853,0.65126,0.67956,0.67956,0.69914,0.67956,0.59877,0.58548,0.67956,0.73445,0.67956,0.72515,0.70771,0.87251,0.73445,0.59672,0.67956,0.69914,0.60853,0.65126,0.73445,0.73445,0.67956,0.69914,0.73445,0.67956,0.65126,0.60853,0.58841,0.67956,0.78027,0.73445,0.67956,0.73445,0.66704,0.58841,0.72515,0.70771,0.78027,0.58841,0.67956,0.58548,0.73445,0.67956
0.72522,0.67251,0.62488,0.68752,0.67251,0.73827,0.64441,0.61129,0.72501,0.73827,0.73827,0.6271,0.73827,0.70949,0.73827,0.687,0.73827,0.67251,0.67251,0.54912,0.73515,0.67251,0.66515,0.72501,0.67251,0.72522,0.84589,0.72501,0.61129,0.73827,0.73827,0.73827,0.73827,0.6472,0.67251,0.69105,0.67251,0.687,0.73827,0.58053,0.68706,0.67251,0.73827,0.66515,0.73827,0.6472,0.67251,0.66193,0.66193,0.74329,0.73827,0.73827,0.73515,0.73827,0.687,0.6271,0.69105,0.62488,0.73827,0.73827,0.74329,0.73827,0.68706,0.73515,0.73827,0.67251,0.73827,0.66515,0.70949,0.68752,0.67251,0.61129,0.73827,0.74329,0.69105,0.62488,0.67251,0.67251,0.73827,0.74329,0.67251,0.73827,0.62488,0.69105,0.84589,0.73827,0.58053,0.67251,0.73827,0.67251,0.6472,0.84589,0.66515,0.70949,0.58053,0.84589,0.73827,0.73515,0.67251,0.73827
0.70287,0.79835,0.65974,0.77849,0.79835,0.86338,0.74811,0.75802,0.84757,0.86338,0.86338,0.91895,0.86338,0.83554,0.86338,0.76457,0.86338,0.79835,0.79835,0.89863,0.60804,0.79835,0.66041,0.84757,0.79835,0.70287,0.80973,0.84757,0.75802,0.86338,0.86338,0.86338,0.86338,0.75099,0.79835,0.76444,0.79835,0.76457,0.86338,0.73234,0.79038,0.79835,0.86338,0.66041,0.86338,0.75099,0.79835,0.95898,0.95898,0.73409,0.73498,0.86338,0.60804,0.86338,0.76457,0.91895,0.76444,0.65974,0.86338,0.86338,0.73409,0.86338,0.79038,0.60804,0.86338,0.79835,0.73498,0.66041,0.83554,0.77849,0.79835,0.75802,0.86338,0.73409,0.76444,0.65974,0.79835,0.79835,0.86338,0.73409,0.79835,0.86338,0.65974,0.76444,0.80973,0.73498,0.73234,0.79835,0.86338,0.79835,0.75099,0.80973,0.66041,0.83554,0.73234,0.80973,0.86338,0.60804,0.79835,0.86338
0.9074,0.92015,0.74701,0.92348,0.92015,0.92158,1.0254,0.79009,0.89757,0.86915,0.86915,0.76587,0.86915,0.8517,0.92158,1.0897,0.86915,0.92015,0.92015,0.99964,0.84737,0.92015,0.85284,0.89757,0.92015,0.9074,0.82977,0.89757,0.79009,0.86915,0.86915,0.86915,0.86915,0.90577,0.92015,0.78487,0.92015,1.0897,0.92158,0.7447,0.75835,0.92015,0.86915,0.85284,0.86915,0.90577,0.92015,0.76231,0.76231,1.0295,0.80334,0.86915,0.84737,0.86915,1.0897,0.76587,0.78487,0.74701,0.86915,0.86915,1.0295,0.86915,0.75835,0.84737,0.86915,0.92015,0.80334,0.85284,0.8517,0.92348,0.92015,0.79009,0.86915,1.0295,0.78487,0.74701,0.92015,0.92015,0.86915,1.0295,0.92015,0.86915,0.74701,0.78487,0.82977,0.80334,0.7447,0.92015,0.92158,0.92015,0.90577,0.82977,0.85284,0.8517,0.7447,0.82977,0.86915,0.84737,0.92015,0.86915
1.0358,0.95129,0.90541,1.0054,0.95129,1.0308,1.3051,1.115,1.1135,1.0138,1.0138,0.99843,1.0138,0.90324,1.0308,1.2216,1.0138,0.95129,0.95129,0.88689,0.99679,0.95129,0.95114,1.1135,0.95129,1.0358,1.0466,1.1135,1.115,1.0138,1.0138,0.89728,1.0138,1.0036,0.95129,1.0792,0.95129,1.2216,1.0308,0.94305,1.0915,0.95129,0.85092,0.95114,1.0138,1.0036,0.95129,1.0326,1.0326,1.0373,1.0911,1.0138,0.99679,1.0138,1.2216,0.99843,1.0792,0.90541,1.0138,1.0138,1.0373,1.0138,1.0915,0.99679,1.0138,0.95129,1.0911,0.95114,0.90324,1.0054,0.95129,1.115,1.0138,1.0373,1.0792,0.90541,0.95129,0.95129,1.0138,1.0373,0.95129,0.85092,0.90541,1.0792,1.0466,1.0911,0.94305,0.95129,1.0308,0.95129,1.0036,1.0466,0.95114,0.90324,0.94305,1.0466,1.0138,0.99679,0.95129,1.0138
1.0347,1.0588,1.031,1.1453,1.0588,1.0617,0.90471,0.90593,1.0015,1.1766,1.1644,1.1545,1.1644,1.1768,1.0617,1.0481,1.1766,1.0588,1.0588,0.98961,1.0493,1.0588,0.92432,1.0015,1.0588,1.0347,1.1509,1.0015,0.90593,1.1644,1.1644,0.92375,1.1644,1.1045,1.0588,1.0539,1.0588,1.0481,1.0617,1.0962,1.2176,1.0588,1.0461,0.92432,1.1644,1.1045,1.0588,1.0146,1.0146,0.98418,1.0211,1.1644,1.0493,1.1644,1.0481,1.1545,1.0539,1.031,1.1644,1.1644,0.98418,1.1644,1.2176,1.0493,1.1644,1.0588,1.0211,0.92432,1.1768,1.1453,1.0588,0.90593,1.1644,0.98418,1.0539,1.031,1.0588,1.0588,1.1644,0.98418,1.0588,1.0461,1.031,1.0539,1.1509,1.0211,1.0962,1.0588,1.0617,1.0588,1.1045,1.1509,0.92432,1.1768,1.0962,1.1509,1.1766,1.0493,1.0588,1.1644
1.0748,1.1332,1.1692,1.0996,1.1332,1.1434,1.1373,0.94045,1.1438,1.2774,1.0902,1.2034,1.0902,0.96319,1.1434,1.2395,1.2774,1.1332,1.1332,1.2075,1.0807,1.1973,1.1773,1.1438,1.1332,1.0748,1.0253,1.1438,0.94045,1.0902,1.0902,0.92464,1.0902,1.0797,1.1332,1.0681,1.1973,1.2395,1.1434,1.2276,1.0071,1.1332,1.2775,1.1773,1.0902,1.0797,1.1332,0.99004,0.99004,0.93713,0.86525,1.0902,1.0807,1.0902,1.2395,1.2034,1.0681,1.1692,1.0902,1.0902,0.93713,1.0902,1.0071,1.0807,1.0902,1.1332,0.86525,1.1773,0.96319,1.0996,1.1332,0.94045,1.0902,0.93713,1.0681,1.1692,1.1332,1.1332,1.0902,0.93713,1.1332,1.2775,1.1692,1.0681,1.0253,0.86525,1.2276,1.1332,1.1434,1.1332,1.0797,1.0253,1.1773,0.96319,1.2276,1.0253,1.2774,1.0807,1.1332,1.0902
1.255,1.3789,1.4768,1.239,1.3789,1.1519,1.1319,1.2615,1.2649,1.3718,1.2348,1.3152,1.2348,1.4199,1.1519,1.4454,1.3718,1.3789,1.3789,1.2468,1.4648,1.1852,1.1075,1.2649,1.3789,1.255,1.322,1.2649,1.2615,1.2348,1.2348,1.4248,1.2348,1.2896,1.3789,1.3552,1.1852,1.4454,1.1519,1.408,1.4745,1.2653,1.1623,1.1075,1.2348,1.2896,1.3789,1.3423,1.3423,1.3164,1.3198,1.2348,1.4648,1.2348,1.4454,1.3152,1.3552,1.4768,1.2348,1.3763,1.3164,1.2348,1.4745,1.4648,1.2348,1.3789,1.3198,1.1075,1.4199,1.239,1.3789,1.2615,1.2348,1.3164,1.3552,1.4768,1.3789,1.3789,1.2348,1.3164,1.3789,1.1623,1.4768,1.3552,1.322,1.3198,1.408,1.3789,1.1519,1.2653,1.2896,1.322,1.1075,1.4199,1.408,1.322,1.3718,1.4648,1.3789,1.2348
1.3092,1.079,1.1114,1.2488,1.079,1.3125,1.2248,1.1196,1.2783,1.3907,1.1542,1.1407,1.1542,1.2712,1.3125,1.0757,1.3907,1.079,1.079,1.0451,1.1667,1.2696,1.113,1.2783,1.079,1.3092,1.0746,1.2783,1.1196,1.1542,1.1542,1.2527,1.1542,0.95632,1.079,1.2057,1.2696,1.0757,1.3125,1.0931,1.2965,1.1548,1.0293,1.113,1.1542,0.95632,1.079,1.2808,1.2808,1.3222,1.2064,1.1542,1.1667,1.1542,1.0757,1.1407,1.2057,1.1114,1.1542,1.2125,1.3222,1.1542,1.2965,1.1667,1.1542,1.079,1.2064,1.113,1.2712,1.2488,1.1685,1.1196,1.1542,1.3222,1.2057,1.1114,1.079,1.1685,1.1542,1.3222,1.079,1.0293,1.1114,1.2057,1.0746,1.2064,1.0931,1.079,1.3125,1.1548,0.95632,1.0746,1.113,1.2712,1.0931,1.0746,1.3907,1.1667,1.079,1.1542
0.95479,1.0992,1.1561,1.2178,1.0992,1.1774,0.92777,1.2148,1.1414,1.233,1.0103,1.1446,1.0103,1.2438,1.1774,1.0436,1.233,1.0992,1.1468,0.96683,1.0982,1.2519,1.1763,1.1414,1.0992,0.95479,1.2044,1.1414,1.2148,1.0103,1.0103,1.0389,1.0103,1.4404,1.3232,1.1408,1.2519,1.0436,1.1774,1.1766,1.0899,1.1462,1.2587,1.1763,1.0103,1.4404,1.0992,1.083,1.083,1.1502,1.2592,1.0103,1.0982,1.0103,1.0436,1.1446,1.1408,1.1561,1.0103,1.1318,1.1502,1.0103,1.0899,1.0982,1.0103,1.0992,1.2592,1.1763,1.2438,1.2178,1.0924,1.2148,1.0103,1.1502,1.1408,1.1561,1.3232,1.0924,1.0103,1.1502,1.0992,1.2587,1.1561,1.1408,1.2044,1.2592,1.1766,1.0992,1.1774,1.1462,1.4404,1.2044,1.1763,1.2438,1.1766,1.2044,1.233,1.0982,1.0992,1.0103
1.0763,1.1409,1.0785,0.87428,1.1409,1.1372,1.2022,1.1751,1.0044,1.3208,1.0232,1.1368,1.0232,1.093,1.1372,1.0035,1.3208,1.1409,0.89351,1.2262,1.0988,1.086,1.0787,1.0044,1.1409,1.0763,1.0057,1.0044,1.1751,1.0232,1.0232,0.93977,0.96313,1.0583,1.1006,1.1819,1.086,1.0035,1.1372,1.168,1.0045,1.0392,1.0876,1.0787,1.0232,1.0583,1.1409,1.2603,1.2603,1.0196,1.1301,1.0232,1.0988,1.0232,1.0035,1.1368,1.1819,1.0785,1.0232,1.1411,1.0196,1.0232,1.0045,1.0988,1.0232,1.1409,1.1301,1.0787,1.093,0.87428,0.99682,1.1751,1.0232,1.0196,1.1819,1.0785,1.1006,0.99682,1.0232,1.0196,1.1409,1.0876,1.0785,1.1819,1.0057,1.1301,1.168,1.1409,1.1372,1.0392,1.0583,1.0057,1.0787,1.093,1.168,1.0057,1.3208,1.0988,1.1409,1.0232
0.95371,1.1111,0.95833,1.066,1.1111,0.9708,0.92155,0.92953,1.066,0.93749,0.84163,0.85181,0.84163,1.0007,0.9708,1.0166,0.93749,1.1111,0.93989,0.91674,0.95388,1.051,1.0558,1.066,1.1111,0.95371,1.0255,1.066,0.92953,0.84163,0.84163,1.0203,1.1008,0.99733,1.1369,0.90583,1.051,1.0166,0.9708,0.96414,0.93922,1.0823,0.94016,1.0558,0.84163,0.99733,1.1111,1.1636,1.1636,1.0392,1.0223,0.84163,0.95388,0.84163,1.0166,0.85181,0.90583,0.95833,0.84163,1.1104,1.0392,0.84163,0.93922,0.95388,0.84163,1.1111,1.0223,1.0558,1.0007,1.066,0.86722,0.92953,0.84163,1.0392,0.90583,0.95833,1.1369,0.86722,0.84163,1.0392,1.008,0.94016,0.95833,0.90583,1.0255,1.0223,0.96414,1.1111,0.9708,1.0823,0.99733,1.0255,1.0558,1.0007,0.96414,1.0255,0.93749,0.95388,1.1111,0.84163
1.0491,0.79503,1.0016,0.89792,0.79503,0.82853,0.85799,1.0537,0.98662,0.8466,1.0054,1.0119,1.0054,0.89138,0.82853,1.1435,0.8466,0.96166,0.78769,0.85899,0.99096,0.91127,0.96893,0.98662,0.96166,1.0491,1.071,0.98662,1.0537,1.0054,1.0054,0.87197,0.9187,1.1661,0.82392,0.98438,0.91127,1.1435,0.82853,0.96253,1.0004,1.0562,0.88365,0.96893,1.0054,1.1661,0.79503,0.99882,0.99882,1.0046,1.0262,1.0054,0.99096,1.0054,1.1435,1.0119,0.98438,1.0016,1.0054,0.85909,1.0046,1.0054,1.0004,0.99096,1.102,0.79503,1.0262,0.96893,0.89138,0.89792,1.0008,1.0537,1.0054,1.0046,0.98438,1.0016,0.82392,1.0008,1.0054,1.0046,0.92099,0.88365,1.0016,0.98438,1.071,1.0262,0.96253,0.79503,0.82853,1.0562,1.1661,1.071,0.96893,0.89138,0.96253,1.071,0.8466,0.99096,0.79503,1.0054
0.86601,0.70532,0.7954,0.903,0.70532,0.86495,0.9973,0.88736,0.85182,0.88655,0.97858,0.84512,0.97858,0.92482,0.86495,0.90541,0.88655,0.9275,1.0062,0.94028,0.82107,0.97035,0.93719,0.85182,0.9275,0.86601,0.88664,0.85182,0.88736,0.91489,0.97858,1.0465,0.75809,0.78595,1.0585,0.70549,0.97035,0.90541,0.86495,0.90136,0.8536,0.77815,0.84279,0.93719,0.97858,0.78595,0.70532,0.77797,0.77797,0.8533,0.83312,0.91489,0.82107,0.91489,0.90541,0.84512,0.70549,0.7954,0.97858,1.0365,0.8533,0.97858,0.8536,0.82107,0.92892,0.70532,0.83312,0.93719,0.92482,0.903,0.8228,0.88736,0.97858,0.8533,0.70549,0.7954,1.0585,0.8228,0.97858,0.8533,0.94357,0.84279,0.7954,0.70549,0.88664,0.83312,0.90136,0.70532,0.86495,0.77815,0.78595,0.88664,0.93719,0.92482,0.90136,0.88664,0.88655,0.82107,0.70532,0.97858
0.98168,0.94842,0.90853,0.79211,0.94842,0.82478,0.86122,1.0732,0.92848,0.8106,0.81941,0.82557,0.81402,0.93193,0.82478,1.0404,0.8106,0.77602,0.92426,0.79439,0.74429,1.0405,0.8132,0.92848,0.77602,0.98168,0.95855,0.92848,1.0732,0.9166,0.81941,0.9596,0.99567,0.91041,0.7546,0.85526,1.0405,1.0404,0.82478,0.86095,0.77331,0.915,0.92023,0.8132,0.81402,0.91041,0.94842,1.0029,1.0029,0.85828,0.74737,0.9166,0.74429,0.9166,1.0404,0.82557,0.85526,0.90853,0.76892,0.82196,0.85828,0.81941,0.77331,0.74429,0.75623,0.94842,0.74737,0.8132,0.93193,0.79211,0.91494,1.0732,0.81941,0.85828,0.85526,0.90853,0.7546,0.91494,0.81941,0.85828,0.83787,0.92023,0.90853,0.85526,0.95855,0.74737,0.86095,0.94842,0.82478,0.915,0.91041,0.95855,0.8132,0.93193,0.86095,0.95855,0.8106,0.74429,0.94842,0.81941
0.64722,0.77297,0.68899,0.61314,0.77297,0.63466,0.71534,0.74496,0.6783,0.67757,0.73697,0.74239,0.75723,0.6626,0.63466,0.73963,0.67757,0.75283,0.63464,0.71393,0.76321,0.71542,0.60508,0.84456,0.75283,0.64722,0.73826,0.84456,0.74496,0.66364,0.73697,0.87645,0.6726,0.77805,0.74478,0.75747,0.71542,0.73963,0.63466,0.66067,0.65421,0.84561,0.6223,0.60508,0.75723,0.77805,0.77297,0.7792,0.7792,0.717,0.64744,0.66364,0.76321,0.66364,0.73963,0.74239,0.75747,0.68899,0.64493,0.78473,0.717,0.73697,0.65421,0.76321,0.7061,0.77297,0.64744,0.60508,0.6626,0.61314,0.69973,0.74496,0.73697,0.717,0.75747,0.68899,0.74478,0.69973,0.73697,0.717,0.63971,0.6223,0.68899,0.75747,0.73826,0.64744,0.66067,0.77297,0.63466,0.84561,0.77805,0.73826,0.60508,0.6626,0.66067,0.73826,0.67757,0.76321,0.77297,0.73697
0.64865,0.53035,0.75155,0.73534,0.53035,0.65701,0.51673,0.67491,0.71081,0.64635,0.59466,0.61629,0.63572,0.62486,0.65701,0.6135,0.64635,0.68139,0.60616,0.67502,0.70322,0.63361,0.68399,0.6066,0.68139,0.64865,0.7313,0.6066,0.72698,0.58092,0.59466,0.69566,0.55371,0.68665,0.598,0.63107,0.63361,0.6135,0.65701,0.66998,0.55777,0.58407,0.54933,0.68399,0.63572,0.68665,0.53035,0.56481,0.56481,0.55134,0.62457,0.58092,0.70322,0.58092,0.6135,0.61629,0.63107,0.75155,0.62887,0.72367,0.55134,0.59466,0.55777,0.70322,0.80174,0.53035,0.62457,0.68399,0.62486,0.73534,0.62243,0.72698,0.59466,0.55134,0.63107,0.75155,0.598,0.62243,0.59466,0.55134,0.7042,0.54933,0.75155,0.63107,0.7313,0.62457,0.66998,0.53035,0.65701,0.58407,0.68665,0.7313,0.68399,0.62486,0.66998,0.7313,0.64635,0.70322,0.53035,0.59466
0.59767,0.57653,0.50179,0.62406,0.55304,0.61926,0.45572,0.53221,0.41093,0.53947,0.57881,0.54837,0.58413,0.62535,0.61926,0.60057,0.53947,0.55061,0.62863,0.4828,0.60726,0.55281,0.63248,0.53987,0.55061,0.59767,0.50482,0.53987,0.59519,0.59184,0.57881,0.56343,0.54576,0.55657,0.62731,0.54092,0.55281,0.60057,0.61926,0.55985,0.48024,0.60123,0.56418,0.63248,0.58413,0.55657,0.55304,0.40396,0.40396,0.60334,0.56459,0.59184,0.60726,0.59184,0.60057,0.48857,0.54092,0.50179,0.55431,0.58817,0.60334,0.57881,0.48024,0.60726,0.60386,0.55304,0.56459,0.63248,0.62535,0.62406,0.48206,0.59519,0.57881,0.60334,0.54092,0.50179,0.62731,0.48206,0.57881,0.60334,0.63909,0.56418,0.50179,0.54092,0.50482,0.56459,0.55985,0.55304,0.61926,0.60123,0.55657,0.50482,0.63248,0.62535,0.55985,0.50482,0.53947,0.60726,0.55304,0.57881
0.57313,0.5291,0.52595,0.4903,0.50453,0.51297,0.57951,0.47724,0.43684,0.42841,0.49178,0.49957,0.46681,0.57252,0.51297,0.42131,0.42841,0.44153,0.40228,0.42885,0.50452,0.5346,0.42156,0.53823,0.44153,0.57313,0.42139,0.53823,0.44974,0.39542,0.49178,0.50247,0.55327,0.47362,0.52903,0.409,0.5346,0.42131,0.51297,0.47631,0.41613,0.56105,0.51216,0.42156,0.46681,0.47362,0.50453,0.48733,0.48733,0.43513,0.58178,0.39542,0.50452,0.39542,0.42131,0.49672,0.409,0.52595,0.51568,0.4659,0.43513,0.49178,0.41613,0.50452,0.51571,0.50453,0.58178,0.42156,0.57252,0.4903,0.4819,0.44974,0.49178,0.43513,0.409,0.52595,0.52903,0.4819,0.49178,0.43513,0.52788,0.51216,0.52595,0.409,0.42139,0.58178,0.47631,0.50453,0.51297,0.56105,0.47362,0.42139,0.42156,0.57252,0.47631,0.42139,0.42841,0.50452,0.50453,0.44375
0.3721,0.41002,0.43068,0.53543,0.42784,0.47758,0.48984,0.49148,0.42067,0.38209,0.42097,0.53504,0.43967,0.37462,0.47758,0.52303,0.38209,0.48041,0.55329,0.5074,0.52343,0.51948,0.4703,0.42323,0.48041,0.3721,0.44475,0.42323,0.49697,0.43319,0.42097,0.45575,0.45832,0.40532,0.43389,0.43889,0.51948,0.52303,0.47758,0.48003,0.53828,0.41335,0.4866,0.4703,0.43967,0.40532,0.42784,0.43129,0.43129,0.47036,0.38968,0.43319,0.52343,0.43319,0.52303,0.51613,0.43889,0.43068,0.43987,0.45372,0.47036,0.42097,0.53828,0.52343,0.38529,0.42784,0.38968,0.4703,0.37462,0.53543,0.51838,0.49697,0.42097,0.47036,0.43889,0.4088,0.43389,0.51838,0.42097,0.47036,0.44004,0.4866,0.43068,0.43889,0.44475,0.38968,0.48003,0.42784,0.47758,0.41335,0.53938,0.44475,0.4703,0.37462,0.48003,0.44475,0.38209,0.52343,0.42784,0.4446
0.44344,0.37969,0.4754,0.49533,0.44075,0.52223,0.43508,0.4094,0.42253,0.40654,0.42867,0.43257,0.45255,0.43085,0.52223,0.50379,0.40654,0.45176,0.48098,0.4049,0.4231,0.35271,0.42554,0.4167,0.45176,0.44344,0.43643,0.4167,0.47304,0.49617,0.42867,0.40264,0.46069,0.42975,0.45897,0.39112,0.36222,0.50379,0.52223,0.46176,0.41881,0.48108,0.40859,0.42554,0.45255,0.42975,0.44075,0.46246,0.46246,0.42757,0.43968,0.49617,0.4231,0.49617,0.50379,0.48658,0.39112,0.4754,0.45096,0.43429,0.42757,0.42867,0.41881,0.4231,0.39928,0.44075,0.43968,0.42554,0.43085,0.49533,0.41813,0.47304,0.42867,0.42757,0.39112,0.34481,0.45897,0.41813,0.42867,0.42757,0.38535,0.40859,0.4754,0.39112,0.43643,0.43968,0.46176,0.44075,0.52223,0.48108,0.39282,0.43643,0.42554,0.43085,0.46176,0.43643,0.40654,0.4231,0.44075,0.46084
0.51995,0.56909,0.49219,0.48313,0.54715,0.43939,0.5194,0.41865,0.54339,0.55972,0.55641,0.48594,0.52448,0.49325,0.43939,0.49134,0.55972,0.54436,0.589,0.47015,0.54886,0.52004,0.46831,0.47404,0.54436,0.51995,0.47414,0.47404,0.60025,0.5265,0.55641,0.55408,0.47302,0.51074,0.53729,0.47879,0.48216,0.49134,0.43939,0.51075,0.51993,0.60297,0.49367,0.46831,0.52448,0.51074,0.54715,0.48379,0.48379,0.38043,0.53892,0.5265,0.54886,0.5265,0.49134,0.55387,0.47879,0.49219,0.50847,0.49493,0.38043,0.55641,0.51993,0.54886,0.50997,0.54715,0.53892,0.46831,0.49325,0.48313,0.46353,0.60025,0.55641,0.38043,0.47879,0.49728,0.53729,0.46353,0.55641,0.38043,0.54286,0.49367,0.49219,0.47879,0.47414,0.53892,0.4941,0.54715,0.43939,0.60297,0.49633,0.47414,0.46831,0.49325,0.51075,0.47414,0.55972,0.54886,0.54715,0.46869
0.60651,0.695,0.70354,0.64855,0.67166,0.48768,0.63419,0.55023,0.55155,0.61665,0.47385,0.53632,0.53702,0.49292,0.48768,0.71707,0.54905,0.63593,0.61469,0.55457,0.60657,0.56096,0.61489,0.61129,0.63593,0.60651,0.50341,0.61129,0.42551,0.46838,0.47385,0.51072,0.61997,0.553,0.57734,0.50246,0.62567,0.71707,0.48768,0.55341,0.51727,0.56447,0.54562,0.61489,0.53702,0.553,0.67166,0.6681,0.6681,0.62759,0.53901,0.46838,0.60657,0.46838,0.71707,0.74055,0.50246,0.70354,0.50742,0.57268,0.62759,0.47385,0.51727,0.60657,0.52416,0.67166,0.53901,0.61489,0.49292,0.64855,0.61545,0.42551,0.47385,0.62759,0.50246,0.7083,0.57734,0.61545,0.47385,0.62759,0.65614,0.54562,0.70354,0.50246,0.50341,0.53901,0.57026,0.67166,0.48768,0.58228,0.57533,0.50341,0.61489,0.49292,0.55341,0.50341,0.61665,0.60657,0.67166,0.57978
0.69574,0.60817,0.64453,0.59211,0.65352,0.62493,0.65633,0.60192,0.72671,0.6311,0.73517,0.63509,0.65039,0.77735,0.62493,0.56348,0.6032,0.67281,0.65298,0.57371,0.62625,0.68695,0.64596,0.60148,0.67281,0.69574,0.679,0.60148,0.65757,0.74835,0.73517,0.67448,0.62153,0.74567,0.64814,0.62078,0.66451,0.74961,0.62493,0.57651,0.68521,0.60235,0.72,0.64596,0.65039,0.74567,0.65352,0.67308,0.67308,0.57836,0.62078,0.74835,0.62625,0.74835,0.56348,0.72992,0.62078,0.64453,0.59964,0.70857,0.57836,0.73517,0.68521,0.62625,0.77726,0.65352,0.62078,0.64596,0.77735,0.59211,0.655,0.65757,0.73517,0.57836,0.62078,0.6666,0.64814,0.655,0.73517,0.57836,0.59648,0.72,0.64453,0.62078,0.679,0.62078,0.74421,0.65352,0.62493,0.72581,0.62176,0.679,0.64596,0.77735,0.57651,0.679,0.6311,0.62625,0.65352,0.49024
0.66279,0.75841,0.62525,0.6556,0.78419,0.62528,0.66645,0.76762,0.72413,0.66417,0.72936,0.58198,0.72274,0.72597,0.62528,0.7846,0.66578,0.6808,0.80764,0.65636,0.61575,0.65149,0.81084,0.75279,0.6808,0.66279,0.63036,0.75279,0.66133,0.56357,0.72936,0.60155,0.61787,0.58321,0.69214,0.7389,0.76147,0.6529,0.62528,0.7182,0.79823,0.80445,0.605,0.81084,0.72274,0.58321,0.78419,0.70209,0.70209,0.67487,0.71802,0.56357,0.61575,0.56357,0.7846,0.79251,0.7389,0.62525,0.77752,0.85105,0.67487,0.72936,0.79823,0.61575,0.75177,0.78419,0.71802,0.81084,0.68561,0.62531,0.64885,0.66133,0.72936,0.67487,0.7389,0.71674,0.69214,0.64885,0.72936,0.67487,0.73273,0.605,0.62525,0.7389,0.63036,0.71802,0.74199,0.78419,0.62528,0.70805,0.70544,0.63036,0.81084,0.72597,0.7182,0.63036,0.66417,0.61575,0.78419,0.59543
0.61497,0.65393,0.69979,0.56172,0.81968,0.65095,0.72656,0.69222,0.64449,0.66602,0.76163,0.74714,0.69235,0.75265,0.65095,0.60741,0.74412,0.68517,0.76862,0.68962,0.76806,0.74383,0.73434,0.78033,0.68517,0.61497,0.61513,0.78033,0.81159,0.89799,0.76163,0.81701,0.71427,0.77296,0.75141,0.67127,0.68538,0.70197,0.65095,0.79813,0.69424,0.65019,0.75171,0.73434,0.69235,0.77296,0.81968,0.59196,0.59196,0.61952,0.72283,0.89799,0.76806,0.89799,0.60741,0.75467,0.75925,0.69979,0.72133,0.78992,0.61952,0.76163,0.69424,0.76806,0.80261,0.81968,0.72283,0.73434,0.64299,0.78,0.79978,0.81159,0.76163,0.61952,0.75925,0.82453,0.75141,0.79978,0.76163,0.61952,0.74033,0.75171,0.69979,0.67127,0.61513,0.72283,0.67706,0.81968,0.65095,0.77575,0.76483,0.61513,0.73434,0.75265,0.79813,0.61513,0.66602,0.76806,0.81968,0.79132
0.95704,0.72043,0.8694,0.8497,0.88544,0.7624,1.0015,0.87705,0.78951,0.69352,0.79017,0.80447,0.85785,0.71952,0.7624,0.81585,0.72655,0.76945,0.76085,0.82311,0.71605,0.86654,0.76551,0.74412,0.90241,0.95704,0.82805,0.74412,0.73562,0.9177,0.79017,0.85875,0.90578,0.84393,0.80032,0.75879,0.92196,0.71359,0.7624,0.92466,0.90849,0.76924,0.81502,0.76551,0.85785,0.84393,0.88544,0.90038,0.90038,0.85071,0.8953,0.9177,0.71605,0.9177,0.81585,0.76892,0.82704,0.8694,0.86292,0.67572,0.85071,0.79017,0.90849,0.71605,0.73077,0.88544,0.8953,0.76551,0.88081,0.85952,0.628,0.73562,0.79017,0.85071,0.82704,0.80759,0.80032,0.628,0.79017,0.85071,0.73186,0.81502,0.8694,0.75879,0.82805,0.8953,0.86915,0.88544,0.7624,0.93227,0.92401,0.82805,0.76551,0.71952,0.92466,0.82805,0.69352,0.71605,0.88544,0.78735
0.83513,0.90485,0.9095,0.84881,0.95686,0.8504,0.97751,1.0184,0.92027,0.97116,0.87807,1.0146,0.97531,0.88702,0.8504,0.87784,0.90934,0.88524,1.0398,0.89335,0.94675,0.80381,0.97832,1.0106,0.88084,0.83513,0.79424,1.0106,0.85173,0.74129,0.8838,0.92989,0.84113,0.89413,0.91096,0.9405,0.98556,0.90056,0.8504,0.9664,0.9395,0.90705,0.9161,0.97832,0.97531,0.89413,0.95686,0.90187,0.90187,0.92475,0.95948,0.74129,0.94675,0.74129,0.87784,0.90712,0.94751,0.9095,1.0096,0.92088,0.92475,0.87807,0.9395,0.94675,0.80875,0.95686,0.95948,0.97832,0.99294,1.05,1.004,0.85173,0.87807,0.92475,0.94751,1.0048,0.91096,1.004,0.8838,0.92475,0.95657,0.9161,0.9095,0.9405,0.9732,0.95948,0.79629,0.95686,0.8504,0.92136,0.79417,0.79424,0.97832,0.88702,0.9664,0.79424,0.97116,0.94675,0.95686,1.0777
0.92665,1.0685,0.94157,1.0118,1.0602,1.0694,0.91036,1.0641,1.1253,1.1406,1.0307,1.0449,1.061,1.0382,1.0694,1.0111,1.1213,1.2088,1.297,1.0777,0.9192,0.78146,0.89102,1.1578,1.0581,0.92665,0.90722,1.1578,1.0834,0.99229,0.98848,0.97744,1.1011,0.99724,1.0086,1.0499,0.88698,1.1273,1.0694,0.8993,1.1297,0.87781,1.0083,0.89102,1.061,0.99724,1.0602,1.0543,1.0543,1.0831,0.91027,0.99229,1.0635,0.99229,1.0111,0.90525,0.98946,0.94157,1.0227,1.0429,1.0831,1.0307,1.1297,0.9192,0.91603,1.0602,0.91027,0.89102,1.1179,1.1816,1.0927,1.0834,1.0307,1.0831,0.98946,0.97591,1.0086,1.0927,0.98848,1.0831,1.0228,1.0083,0.94157,1.0499,1.0568,0.91027,1.1332,1.0602,1.0694,0.92425,1.0137,0.90722,0.89102,1.0382,0.8993,0.90722,1.1406,0.9192,1.0602,1.0653
1.0962,1.0068,1.1803,1.0895,1.0491,1.0862,1.1038,1.1412,1.0837,1.1863,1.0873,1.1677,0.94998,0.98927,1.0862,1.1373,0.83274,1.1566,1.0828,1.0628,1.0977,0.99562,1.0417,1.2066,1.1205,1.0962,1.0406,1.2066,1.2922,1.0337,1.0025,1.1673,1.0563,1.1676,1.0396,1.0027,0.93857,1.0135,1.0862,0.86369,1.2145,1.2079,1.0383,1.0417,0.94998,1.1676,1.0491,0.9662,0.9662,1.1758,1.0499,1.0337,0.9939,1.0337,1.1373,1.2762,0.88386,1.1803,1.0443,0.95051,1.1758,1.0873,1.2145,1.0977,1.064,1.0491,1.0499,1.1098,1.1842,1.0776,1.1854,1.2922,1.0873,1.1758,0.88386,1.0833,1.0396,1.1854,1.0025,1.1758,1.0833,1.0383,1.1803,1.0027,1.1959,1.0499,1.0133,1.0491,1.0862,1.1779,1.1857,1.0406,1.0417,0.98927,0.86369,1.0406,1.1863,1.0977,0.93334,0.95653
1.2139,1.3115,1.0971,1.0867,1.0608,1.1267,1.1441,1.1417,0.92276,1.1462,1.0377,1.0424,1.2411,1.3075,1.1267,0.93716,1.1873,1.0978,1.1082,1.293,1.2807,1.1058,1.1049,1.0166,1.1649,1.2139,1.0472,1.0166,1.2231,1.3459,1.2525,1.2089,1.2057,1.1676,1.1257,1.1933,1.087,1.2806,1.1267,0.94321,1.118,1.1903,1.2893,1.1049,1.2411,1.1676,1.0608,1.1178,1.1178,1.2028,1.0547,1.3459,1.1247,1.3459,0.93716,1.1307,1.0849,1.0971,1.1064,1.312,1.2028,1.0377,1.118,1.2807,1.0627,1.0608,1.0547,1.0869,0.94988,1.0882,1.2421,1.2231,1.0377,1.2028,0.99119,1.203,1.1257,1.2421,1.2525,1.2028,1.175,1.2893,1.0971,1.1933,1.3985,1.0547,1.2954,1.0608,1.1267,0.99344,1.2115,1.0472,1.1049,1.3075,0.94321,1.0472,1.1462,1.2807,1.2033,1.2715
1.3504,1.1955,1.0864,0.94439,1.3463,1.2417,1.3383,1.1497,1.1578,1.3501,1.2447,1.4004,1.2758,1.4434,1.2417,0.98316,1.3317,1.4683,1.1061,1.3426,1.5125,1.2947,1.2181,1.2607,1.3234,1.3504,1.6191,1.2607,1.2038,1.0755,1.4626,1.262,1.4718,1.1949,1.1707,1.3838,1.2064,1.199,1.2417,1.6397,1.2173,1.3751,1.3506,1.2181,1.2758,1.1949,1.3463,1.2791,1.2791,1.4467,1.2163,1.0755,1.3184,1.0755,0.98316,1.1636,1.1117,1.0864,0.97591,1.4051,1.4467,1.2447,1.2173,1.5125,1.406,1.3463,1.2163,1.0619,1.2801,1.323,1.3612,1.2038,1.2447,1.2084,1.1481,1.3349,1.1707,1.3612,1.4626,1.2084,1.4731,1.3506,1.0864,1.3838,1.3318,1.2163,1.2973,1.3463,1.2417,1.1627,1.4126,1.6191,1.2181,1.4434,1.6397,1.6191,1.3501,1.5125,1.4105,1.1495
1.2557,1.2334,1.2178,1.3534,1.2332,1.112,1.113,1.1693,1.231,1.2785,1.2157,1.2423,1.2182,1.2405,1.112,1.145,1.3828,1.0746,1.0272,1.3531,1.2114,1.229,1.396,1.1975,1.1455,1.2557,1.2857,1.1975,1.2397,1.2875,1.3344,0.99123,1.2338,1.2486,1.3532,1.078,1.2208,1.1847,1.112,1.1556,1.0097,1.2579,1.3952,1.396,1.2182,1.2486,1.2332,1.3754,1.3754,1.1692,1.0183,1.2875,1.14,1.2875,1.145,1.3113,1.4119,1.2178,1.2315,1.221,1.1692,1.2157,1.0097,1.2114,1.32,1.2332,1.0183,1.1046,1.1017,1.2392,1.3295,1.2397,1.2157,1.3093,1.3579,1.3885,1.3532,1.3295,1.3344,1.3093,1.1042,1.3952,1.2178,1.078,1.0845,1.0183,1.2239,1.2785,1.112,1.1812,1.3044,1.2857,1.1801,1.2405,1.1556,1.2857,1.2785,1.2114,1.2756,1.1441
1.3663,1.0341,1.1713,1.0816,1.1362,1.134,1.1513,1.2559,1.0687,1.3011,1.2754,1.2979,1.1829,1.3662,1.134,1.4449,1.2626,1.02,1.2538,1.264,1.1197,1.4426,1.0007,1.0736,1.0236,1.3975,1.0759,1.0736,1.232,0.99923,1.2223,0.9901,1.3715,0.99967,1.2136,1.1547,1.0515,1.2161,1.134,1.1158,1.1126,1.3513,1.0754,1.0007,1.1829,0.99967,1.1362,1.3635,1.3635,1.1244,1.3011,0.99923,1.2325,0.99923,1.4449,0.98244,1.1613,1.1713,1.0062,1.2947,1.1244,1.2754,1.1126,1.1197,1.1254,1.1362,1.3011,1.1062,1.1393,1.0467,1.0691,1.232,1.2754,1.2361,1.0816,0.997,1.2136,1.0691,1.2223,1.2361,1.2756,1.0754,1.1713,1.1547,1.1546,1.3011,1.0618,1.2985,1.134,1.1043,1.1689,1.0759,1.0613,1.3662,1.1158,1.0759,1.3011,1.1197,1.166,1.113
0.81092,1.0916,1.025,1.2253,0.9053,1.201,0.92958,1.0343,1.1513,1.0844,1.0842,1.2498,1.1316,1.1263,1.201,0.96249,1.3856,1.1476,1.0042,0.97021,1.1605,0.94991,1.1524,0.9208,1.1538,1.1737,1.1257,0.9208,1.1932,1.0553,1.1105,1.2655,1.0955,1.0871,0.95124,0.93919,1.0384,1.2142,1.201,0.79704,0.8114,1.0188,1.0452,1.1524,1.0526,1.0871,0.9053,1.0479,1.0479,0.85282,0.95212,1.0553,1.2851,1.0553,1.0184,1.1225,1.1661,1.025,1.0621,1.0982,0.85282,1.0842,0.8114,1.1605,1.0918,0.9053,0.95212,1.0965,1.0499,1.0223,1.241,1.1932,1.0842,0.93284,1.0498,1.4068,0.95124,1.241,1.1105,0.93284,1.1336,1.0452,1.025,0.93919,0.83807,0.95212,0.94547,1.1419,1.201,1.249,0.86101,1.1257,0.99577,1.1263,0.79704,1.1257,1.0844,1.1605,1.1888,1.0585
0.97146,1.0125,0.97565,0.9117,0.75836,1.1246,0.86168,0.91909,1.052,0.82545,0.90054,0.84589,0.82772,0.94856,1.1246,0.98896,0.93681,0.95558,0.99636,0.83123,0.88821,1.0292,0.85183,1.0298,0.91382,1.0099,1.0375,1.0298,0.96411,1.1488,0.98659,0.96931,0.86225,1.0741,1.0574,0.89713,1.0112,0.87767,1.1246,0.88734,0.93187,1.106,1.1227,0.85183,0.92989,1.0741,0.75836,1.0953,1.0953,0.81628,1.0531,1.1488,1.0519,1.1488,1.0082,0.83729,0.99465,0.97565,0.98262,0.92801,0.81628,0.90054,0.93187,0.88821,1.0699,0.75836,1.0531,0.95321,1.0762,1.0339,1.0012,0.96411,0.90054,1.1269,1.0585,0.90107,1.0574,1.0101,0.98659,1.1269,0.92468,1.1227,0.97565,0.89713,1.1132,1.0531,1.0563,0.94909,1.1246,0.9386,0.99662,1.0375,1.1093,0.94856,0.88734,1.0375,0.82545,0.88821,1.0845,0.99454
1.0208,0.89269,1.057,0.94674,0.93242,0.96412,1.1299,0.87632,1.0212,0.99359,1.0482,0.9063,1.0284,0.74769,0.96412,0.96875,1.0805,0.88232,0.94505,0.90546,0.98976,0.95139,0.94249,1.0769,1.0244,0.85976,0.91719,1.0769,1.0717,0.99614,1.0863,1.0668,1.0623,0.88825,0.91809,1.0133,1.084,1.0265,0.96412,0.77601,1.0303,0.9794,0.92543,0.94249,1.0207,0.88825,0.93242,0.83554,0.83554,0.98159,1.0232,0.99614,1.0542,0.99614,0.96242,1.1137,0.89539,1.057,0.92658,0.9532,0.98159,1.0482,1.0303,0.98976,0.93119,0.9631,1.0232,0.83547,0.96123,0.9239,1.1383,1.0717,1.0482,0.94602,1.0317,1.0772,0.91809,0.8957,1.0863,0.94602,0.93765,0.92543,1.057,1.0133,0.82252,1.0232,0.94459,1.0284,0.96412,0.88385,1.001,0.91719,1.0916,0.74769,0.77601,0.91719,0.99359,0.98976,0.85017,0.70992
0.76758,0.87081,0.73883,0.8294,0.86741,0.8958,0.71306,0.6404,0.68749,0.7645,0.83517,0.85936,0.74158,0.81799,0.8958,0.90076,0.91876,0.78644,0.72888,0.90573,0.82779,0.85343,0.87908,0.88442,0.77719,0.83532,0.70936,0.88442,0.66754,0.73916,0.78178,0.8634,0.83365,0.71579,0.9128,0.68998,0.81637,0.72236,0.8958,0.96671,0.94783,0.82103,0.99165,0.87908,0.93393,0.71579,0.86741,0.88258,0.88258,0.85874,0.90465,0.73916,0.84438,0.73916,0.88098,0.96628,0.8301,0.73883,0.87222,0.91679,0.85874,0.83517,0.94783,0.8492,0.70106,0.8467,0.90465,0.92249,0.98742,0.93041,0.88747,0.66754,0.83517,0.63613,0.7824,0.90927,0.8593,0.86583,0.78178,0.63613,0.98028,0.99165,0.73883,0.68998,0.76141,0.90465,0.82669,0.83665,0.8958,0.8291,0.74726,0.70936,0.78798,0.81799,0.96671,0.70936,0.7645,0.8492,0.94009,1.0066
0.90316,0.89512,0.86796,0.84051,0.77639,0.80654,0.88956,0.81588,0.81167,0.83919,0.79829,0.82164,0.94938,0.76656,0.80654,0.86086,0.68763,0.75432,0.67405,0.89831,0.92099,0.81758,0.88826,0.92799,0.88762,0.88682,0.78763,0.92799,0.7806,0.70094,0.83821,0.68306,0.81312,0.79665,0.82802,0.8196,0.77556,0.85475,0.80654,0.78229,0.8552,0.86324,0.76587,0.88826,0.77514,0.79665,0.77639,0.87393,0.87393,0.82604,0.90178,0.70094,0.76085,0.70094,0.84918,0.83772,0.7244,0.86796,0.83466,0.7581,0.82604,0.79829,0.8552,0.77238,0.73527,0.90197,0.90178,0.75693,0.69029,0.73537,0.85799,0.7806,0.79829,0.8046,0.84893,0.78877,0.75447,0.93928,0.83821,0.8046,0.93142,0.76587,0.86796,0.8196,0.74932,0.90178,0.69302,0.84699,0.80654,0.77221,0.86463,0.78763,0.78035,0.76656,0.80918,0.78763,0.83919,0.77238,0.8303,0.88833
0.67222,0.61722,0.65619,0.69385,0.53662,0.63334,0.54923,0.71034,0.7096,0.593,0.56192,0.69251,0.60828,0.69506,0.63334,0.61859,0.62133,0.52717,0.54173,0.54867,0.67758,0.73755,0.66495,0.75044,0.6124,0.65179,0.48656,0.75044,0.60651,0.68449,0.63101,0.534,0.68169,0.68208,0.5917,0.60561,0.56315,0.6343,0.63334,0.64933,0.58646,0.61759,0.69372,0.66495,0.66311,0.68208,0.53662,0.70396,0.70396,0.60477,0.68577,0.68449,0.59661,0.68449,0.67371,0.67751,0.64899,0.65619,0.73838,0.61518,0.60477,0.56192,0.58646,0.6339,0.72085,0.65246,0.68577,0.65157,0.72256,0.6721,0.67863,0.60651,0.56192,0.62523,0.67949,0.75804,0.70434,0.76153,0.63101,0.74169,0.53843,0.69372,0.65619,0.60561,0.65509,0.68577,0.58061,0.67561,0.63334,0.64406,0.62894,0.48656,0.65419,0.69506,0.68678,0.48656,0.60449,0.6339,0.65042,0.69043
0.49993,0.59597,0.51755,0.61693,0.57863,0.55259,0.55833,0.45497,0.53872,0.55758,0.54118,0.5147,0.64092,0.58288,0.55259,0.62407,0.66255,0.3932,0.55195,0.62727,0.58375,0.60579,0.46364,0.55841,0.60622,0.49208,0.556,0.55841,0.5151,0.57989,0.56895,0.70661,0.7609,0.57355,0.65528,0.61986,0.64369,0.52837,0.55259,0.62282,0.57743,0.5387,0.52705,0.46364,0.59766,0.57355,0.57863,0.61692,0.61692,0.63,0.51562,0.57989,0.68929,0.57989,0.55958,0.51569,0.57636,0.51755,0.5712,0.55815,0.63,0.54118,0.56616,0.56506,0.49371,0.49794,0.51562,0.5389,0.6609,0.54473,0.59593,0.5151,0.54118,0.62089,0.61658,0.50515,0.5144,0.59111,0.56895,0.59912,0.51804,0.52705,0.51755,0.61986,0.51565,0.51562,0.63902,0.62948,0.55259,0.62522,0.53595,0.556,0.55875,0.58288,0.57547,0.556,0.60893,0.56506,0.5828,0.58847
0.50651,0.55687,0.57128,0.52961,0.46331,0.56903,0.62022,0.53018,0.53035,0.46748,0.46738,0.59046,0.56636,0.57936,0.51877,0.4918,0.39824,0.4782,0.52611,0.49849,0.52032,0.59048,0.46297,0.50571,0.60719,0.47446,0.54835,0.50571,0.62081,0.58721,0.48497,0.48747,0.64487,0.4922,0.56775,0.51356,0.49391,0.51107,0.56903,0.57017,0.51997,0.56743,0.54738,0.46297,0.57494,0.4922,0.46331,0.5904,0.5904,0.52623,0.47357,0.58721,0.53875,0.58721,0.56903,0.46171,0.50182,0.57128,0.48025,0.54182,0.52623,0.46738,0.50891,0.60621,0.4973,0.53172,0.47357,0.49814,0.49388,0.48776,0.53659,0.62081,0.46738,0.45148,0.54899,0.62267,0.54865,0.5543,0.48497,0.51925,0.54421,0.54738,0.57128,0.51356,0.44461,0.47357,0.61532,0.50227,0.56903,0.55053,0.60987,0.54835,0.50319,0.57936,0.51176,0.54835,0.54546,0.60621,0.47424,0.60703
0.43633,0.41798,0.41774,0.49007,0.44374,0.52632,0.4487,0.48184,0.46595,0.4149,0.50335,0.4448,0.57766,0.45339,0.51652,0.4367,0.40698,0.48364,0.41491,0.45147,0.39583,0.43748,0.47584,0.40552,0.47593,0.50778,0.52395,0.40552,0.49088,0.45021,0.47937,0.47915,0.40141,0.41863,0.52065,0.44348,0.46791,0.47255,0.52632,0.47229,0.50774,0.43186,0.49049,0.47584,0.41825,0.41863,0.44374,0.39504,0.48222,0.43813,0.5522,0.45021,0.38015,0.45021,0.5082,0.53512,0.44391,0.41774,0.39149,0.56688,0.43813,0.50335,0.44097,0.44923,0.5575,0.38851,0.5522,0.56199,0.47577,0.48824,0.46495,0.49088,0.50335,0.48452,0.4152,0.46134,0.38946,0.49773,0.47937,0.47104,0.45525,0.49049,0.41774,0.44348,0.42328,0.5522,0.44146,0.45564,0.52632,0.52798,0.46796,0.47739,0.46513,0.45339,0.42141,0.52395,0.47676,0.44923,0.39298,0.43144
0.37779,0.45748,0.45876,0.46541,0.39944,0.4304,0.39214,0.40274,0.38865,0.40965,0.42256,0.39755,0.39392,0.49863,0.4243,0.4196,0.51986,0.45552,0.41334,0.38481,0.38704,0.35046,0.5376,0.4721,0.44622,0.34759,0.40788,0.4721,0.42028,0.39531,0.39657,0.40748,0.44942,0.45814,0.33486,0.45915,0.35714,0.45631,0.4304,0.43068,0.5319,0.43478,0.37066,0.5376,0.3898,0.45814,0.39944,0.32997,0.42972,0.47401,0.3772,0.39531,0.41531,0.39531,0.40567,0.43274,0.40289,0.45876,0.45753,0.45209,0.47401,0.42256,0.48323,0.39392,0.36695,0.47532,0.3772,0.40211,0.47029,0.41739,0.43671,0.44978,0.42256,0.46397,0.46752,0.44521,0.40391,0.41017,0.39657,0.4287,0.43654,0.37066,0.45876,0.45915,0.31805,0.3772,0.43216,0.45939,0.4304,0.4204,0.50799,0.37956,0.48814,0.49863,0.43974,0.40788,0.50358,0.39392,0.45939,0.44687
0.428,0.40529,0.39897,0.37862,0.34434,0.38922,0.4214,0.32741,0.40767,0.4168,0.42185,0.39467,0.38833,0.42085,0.41852,0.37416,0.3617,0.31008,0.40279,0.39273,0.35847,0.36021,0.40907,0.38833,0.44292,0.34573,0.41378,0.38833,0.34246,0.42768,0.42844,0.30855,0.342,0.35042,0.34021,0.36468,0.48217,0.35669,0.33937,0.3178,0.332,0.37509,0.41974,0.40907,0.37018,0.35042,0.34434,0.38923,0.37906,0.48235,0.34062,0.42768,0.45315,0.42768,0.40549,0.42575,0.35853,0.39897,0.34248,0.36583,0.48235,0.42185,0.41728,0.43394,0.41039,0.3706,0.34062,0.40664,0.36975,0.38619,0.36029,0.37364,0.42185,0.37401,0.32382,0.35803,0.39697,0.39734,0.42844,0.39291,0.31002,0.41974,0.39897,0.36468,0.48069,0.34062,0.44909,0.35992,0.38922,0.41803,0.38115,0.37733,0.32262,0.42085,0.35051,0.41378,0.30392,0.43394,0.38548,0.37811
0.44988,0.51215,0.48173,0.46709,0.41992,0.43989,0.42111,0.48253,0.35696,0.38699,0.51542,0.46319,0.55111,0.43247,0.47833,0.47702,0.52618,0.46854,0.40099,0.50818,0.42843,0.44224,0.50494,0.48563,0.45246,0.42447,0.49841,0.48563,0.4871,0.44738,0.46368,0.43667,0.48536,0.48973,0.3012,0.3579,0.43226,0.35816,0.5029,0.4706,0.44437,0.45629,0.41875,0.50494,0.49791,0.48112,0.41992,0.50295,0.43356,0.55326,0.44663,0.44738,0.48666,0.44738,0.4579,0.45752,0.47815,0.48173,0.44915,0.51211,0.55326,0.51542,0.48566,0.49169,0.53052,0.43141,0.50643,0.50215,0.44751,0.44578,0.41518,0.57129,0.51542,0.43191,0.44697,0.46853,0.45806,0.48638,0.46368,0.45531,0.51123,0.41875,0.48173,0.3579,0.47857,0.50643,0.4886,0.49523,0.43989,0.45732,0.47468,0.51707,0.43874,0.43247,0.56652,0.49841,0.51592,0.49169,0.48973,0.47679
0.45836,0.64866,0.52046,0.58805,0.47702,0.48222,0.456,0.59739,0.52914,0.55614,0.46955,0.52003,0.5307,0.5494,0.57005,0.53463,0.46904,0.51284,0.48813,0.60232,0.5143,0.49623,0.52942,0.49425,0.56112,0.56655,0.48632,0.49425,0.58449,0.54689,0.43949,0.57105,0.59908,0.44516,0.50189,0.54361,0.54093,0.64369,0.55205,0.56293,0.53185,0.52885,0.57585,0.52942,0.43313,0.60411,0.47702,0.58328,0.57717,0.57589,0.56591,0.54689,0.57647,0.54689,0.6071,0.53071,0.49884,0.52046,0.52515,0.48158,0.57589,0.46955,0.5195,0.55768,0.53122,0.5701,0.51379,0.49355,0.45529,0.52028,0.56983,0.50535,0.46955,0.56403,0.56542,0.53387,0.63299,0.54502,0.43949,0.40739,0.6065,0.53968,0.52046,0.54361,0.51741,0.51379,0.53989,0.49436,0.48222,0.5569,0.56096,0.53789,0.51768,0.5494,0.5219,0.48632,0.53143,0.55768,0.56234,0.54911
0.49771,0.52762,0.56447,0.65494,0.6063,0.51011,0.57411,0.55182,0.51708,0.6109,0.57442,0.43148,0.55296,0.5247,0.57523,0.57861,0.54038,0.63534,0.65157,0.55154,0.60199,0.62093,0.60377,0.4589,0.58599,0.60643,0.61282,0.4589,0.65741,0.66015,0.66448,0.58332,0.55509,0.47387,0.53738,0.6413,0.44995,0.49991,0.41616,0.52379,0.54774,0.68897,0.48902,0.60377,0.63452,0.53534,0.6063,0.57066,0.48361,0.53549,0.59579,0.48423,0.70311,0.66015,0.468,0.56209,0.6046,0.56447,0.69635,0.49402,0.53549,0.57442,0.5678,0.70484,0.51808,0.52744,0.54158,0.61363,0.65061,0.42994,0.56362,0.52316,0.57442,0.51653,0.58217,0.56572,0.61679,0.59339,0.66448,0.406,0.60139,0.6857,0.56447,0.6413,0.58294,0.54941,0.56029,0.63579,0.51011,0.56928,0.51762,0.52375,0.51968,0.5247,0.6252,0.61282,0.58798,0.70484,0.60987,0.58676
0.68663,0.61193,0.57091,0.607,0.53495,0.69432,0.55843,0.62275,0.56396,0.51177,0.64383,0.67165,0.6258,0.65003,0.56852,0.47708,0.60391,0.56775,0.67132,0.60832,0.59489,0.61442,0.64905,0.65032,0.63176,0.70006,0.65777,0.65032,0.5433,0.76643,0.58323,0.60804,0.57226,0.68642,0.68872,0.50956,0.55773,0.67914,0.61953,0.57896,0.61945,0.57155,0.56297,0.64905,0.66594,0.64711,0.53495,0.54789,0.52593,0.65261,0.5747,0.5111,0.61371,0.54975,0.55889,0.51136,0.52527,0.57091,0.59967,0.5447,0.65261,0.64383,0.66601,0.60474,0.61828,0.58607,0.67286,0.51313,0.61045,0.69874,0.59013,0.57846,0.64383,0.68847,0.71402,0.51291,0.6185,0.6399,0.58323,0.71218,0.59164,0.61857,0.57091,0.50956,0.60845,0.59969,0.55074,0.56502,0.69432,0.54673,0.50911,0.68831,0.5877,0.65003,0.60753,0.65777,0.63197,0.60474,0.63059,0.653
0.65856,0.63742,0.60041,0.65701,0.52322,0.61463,0.70071,0.68252,0.52672,0.72408,0.66422,0.56886,0.60215,0.45695,0.72091,0.69373,0.51573,0.67403,0.59151,0.60936,0.59621,0.57018,0.7492,0.61639,0.5377,0.69201,0.68358,0.61639,0.70051,0.71999,0.59485,0.72054,0.68845,0.70062,0.75612,0.49594,0.63142,0.6286,0.6864,0.56314,0.5877,0.5952,0.69522,0.7492,0.65992,0.68902,0.52322,0.67304,0.64642,0.53427,0.58786,0.65735,0.53841,0.72959,0.75368,0.62233,0.78319,0.60041,0.59514,0.66066,0.53427,0.66422,0.58721,0.57469,0.67505,0.70323,0.65892,0.57485,0.68612,0.74991,0.64214,0.66157,0.66422,0.68129,0.67809,0.64175,0.5299,0.55921,0.59485,0.60708,0.63814,0.65771,0.67313,0.49594,0.66202,0.66892,0.56735,0.60804,0.61463,0.54802,0.63006,0.59196,0.53146,0.45695,0.61226,0.68358,0.63537,0.57469,0.65508,0.56014
0.7439,0.75291,0.77669,0.72612,0.78301,0.67425,0.60026,0.69367,0.75892,0.71699,0.74347,0.75493,0.75899,0.80313,0.70038,0.85923,0.73559,0.73814,0.73784,0.80479,0.90704,0.78069,0.69989,0.70451,0.67374,0.64331,0.83437,0.70451,0.71861,0.83837,0.91805,0.83623,0.68056,0.75496,0.66498,0.67381,0.71216,0.79632,0.66223,0.7244,0.83239,0.84258,0.66121,0.69989,0.6591,0.75471,0.78301,0.66327,0.76121,0.71013,0.6785,0.75377,0.88128,0.76184,0.73692,0.77042,0.75696,0.77669,0.79587,0.77342,0.71013,0.69833,0.75248,0.78549,0.63334,0.82376,0.8213,0.8153,0.77193,0.81474,0.6413,0.70625,0.69833,0.68277,0.67735,0.67014,0.80379,0.80868,0.75795,0.62615,0.6854,0.5902,0.81033,0.67381,0.6924,0.64387,0.65575,0.71255,0.67425,0.7978,0.95222,0.71948,0.80565,0.80313,0.90649,0.83437,0.85522,0.78549,0.73519,0.65547
0.89965,0.92646,0.80479,0.74094,0.82256,0.82723,0.76947,0.69823,0.77885,0.90399,0.84157,0.66873,0.87137,0.8497,0.76852,0.79161,0.9805,0.89849,0.86234,0.8286,0.84912,0.87513,0.91857,0.84685,0.83449,0.86067,0.84307,0.84685,0.78625,0.73903,0.81098,0.738,0.90849,0.71833,0.92279,0.82839,0.79173,0.69873,0.97113,0.78904,0.82036,0.88911,0.81961,0.91857,0.81934,0.82015,0.82256,0.78677,0.81947,0.81834,0.7,0.89115,0.79602,0.8676,0.66891,0.77537,0.84079,0.80479,0.91319,0.80693,0.81834,0.93163,0.76244,0.90352,0.99291,0.84379,0.78427,0.87392,0.94151,0.80678,0.81951,0.9449,0.93163,0.86022,0.74084,0.73635,0.8737,0.82307,0.74549,0.89528,0.9754,0.93795,0.80678,0.82839,0.79802,0.83663,0.883,0.76336,0.82723,0.65585,0.87655,0.70634,0.85313,0.88493,0.96823,0.84307,0.84535,0.90352,0.80959,0.90414
1.0275,1.0208,1.0045,0.82249,0.8958,0.92268,1.0442,1.0508,0.91842,1.2622,1.0559,0.92839,0.89224,0.98694,1.1347,0.91099,0.91691,1.0777,1.1233,0.90993,0.7725,1.0533,0.87215,0.97428,0.95965,0.75052,0.91054,0.97428,0.87446,1.0682,0.98409,0.84242,0.93552,1.0249,0.8229,1.0455,0.8208,0.87587,1.0208,0.99594,0.79868,1.0807,1.0176,0.87215,1.0125,0.9956,0.8958,0.94134,1.0663,1.1107,1.0916,0.84482,0.97024,0.99878,0.99443,0.85218,1.0125,1.0045,1.0224,0.8575,0.83081,0.84583,0.9137,1.072,0.76817,0.90612,0.87448,0.99723,0.86083,0.86061,0.86728,0.96611,0.84583,1.0576,0.94617,0.81833,1.0991,1.0493,0.96858,1.0173,0.91783,1.0059,0.93529,1.0455,0.86449,1.0889,0.97598,0.95356,1.004,0.88894,0.96904,0.81728,1.0663,0.9369,0.86931,0.91054,1.0322,1.072,0.95436,0.9647
1.0249,1.1745,1.1226,0.90032,0.87962,1.1811,0.81542,1.1547,1.0464,0.95966,1.102,0.86141,1.0603,0.92044,0.99402,1.2023,1.1129,1.0304,1.1457,1.0275,0.90476,1.046,0.99552,1.0369,1.0809,1.0817,1.0585,1.0369,1.0664,0.97559,0.95983,0.7912,0.94705,1.0711,0.8094,0.97785,0.95673,1.0823,1.1617,0.98897,0.91619,0.81741,1.0959,0.99552,1.0052,0.97409,1.0391,0.97046,0.99096,0.95305,1.0734,1.013,1.1422,1.0167,0.9106,0.8548,0.94197,1.1226,0.91438,0.75667,0.87107,0.92284,1.0523,0.8865,0.77359,0.96882,1.1051,0.99481,1.0275,1.0929,0.88962,0.98281,0.92284,1.1761,1.0479,0.90238,0.81308,1.2189,0.9442,0.8814,1.0398,0.80061,1.0073,0.97785,0.96552,1.0997,1.0827,0.90931,0.85794,1.0077,1.1487,0.99946,0.97248,0.75496,0.96072,1.0585,1.1351,0.8865,1.0628,0.86354
0.99795,1.2484,1.2307,1.0759,1.1364,1.0641,1.1206,1.0378,0.97067,1.0728,1.1667,1.0153,1.1433,0.8684,1.2794,1.1731,1.1682,1.0118,0.97935,1.1915,1.0417,1.0436,0.94006,1.0558,1.0347,1.1079,1.1028,1.0558,1.1231,1.1537,1.0017,1.2146,0.73594,1.192,1.0529,1.1271,1.0018,1.0526,1.0227,1.0737,1.2335,1.1245,1.2285,0.94006,1.1427,1.0445,1.0671,1.2592,0.91807,1.0015,1.0899,1.3378,1.0348,1.0748,1.1944,0.88786,1.0845,1.2307,1.0495,1.1308,1.0558,0.82061,0.99044,1.1109,1.1256,1.1375,0.9546,0.94737,1.0214,0.93339,1.1534,1.0632,1.1831,1.233,1.1111,0.97004,1.1847,1.0095,1.0771,1.0007,1.0457,1.0793,0.99355,1.1271,1.2667,0.88385,1.0354,0.98484,1.028,1.0148,1.0861,0.92397,1.2091,1.1886,1.322,1.1028,1.0836,1.1109,1.0384,1.2529
1.2948,1.2746,1.1813,1.3409,1.0358,1.2278,1.0747,1.1832,1.234,1.2368,1.4242,1.2853,1.2775,1.0681,1.2767,1.1536,1.3188,1.086,1.2965,1.1579,1.1175,1.0775,1.1591,0.97665,1.2473,1.4133,1.0478,0.97665,1.144,1.0007,1.184,1.1529,1.0118,1.254,1.1612,1.09,1.1948,1.1007,1.1843,1.183,1.2413,1.2368,1.3039,1.4836,1.1441,1.2769,1.3897,1.191,1.1447,1.1242,1.1826,1.1504,1.282,1.1226,1.1019,1.2846,1.2835,1.1813,1.3114,1.0595,0.99718,1.1408,0.98823,1.3604,1.2234,1.1312,1.2653,1.4027,1.3421,1.3634,1.453,1.2507,1.2263,1.2257,1.2631,1.2206,1.1469,1.1236,1.3333,1.1383,1.1994,1.1385,1.2861,1.09,1.1607,1.1861,1.2367,1.2461,1.3522,0.91341,1.2006,1.2909,1.2124,1.0915,1.2412,1.0478,1.1111,1.1507,1.0694,1.1665
1.0147,1.0178,1.1859,1.0509,0.86521,1.238,1.1234,1.2107,1.1978,1.0241,1.1332,1.1521,1.2063,1.0656,1.1257,0.91836,1.1598,1.1951,1.1158,1.1809,0.91161,1.055,0.98071,1.2559,1.2033,1.088,0.94224,1.2559,1.2602,1.0602,1.1772,1.1005,1.1992,1.0853,1.0113,1.0491,1.1463,1.2925,1.203,1.033,1.0173,1.0323,1.0906,1.3117,1.0389,1.1706,1.0925,1.2671,1.1864,1.2948,1.117,1.0732,1.2554,0.90089,1.2824,1.0756,1.1101,1.0549,1.0874,1.1376,1.0126,1.0809,1.0252,1.2655,1.1646,1.0036,1.2568,1.2889,1.3556,1.007,1.0133,1.2091,1.1273,0.93885,1.0798,1.0187,0.99834,1.0532,0.96943,1.1776,1.1902,1.1116,1.0396,1.0491,1.0692,1.0835,1.096,1.1104,1.3633,1.0848,1.0759,1.1746,1.1189,1.1382,1.2996,0.94224,1.3753,1.1574,1.1893,1.2344
0.91315,1.057,0.96368,1.021,0.87644,0.73372,1.1851,0.98277,1.0269,0.98023,0.99493,1.0344,1.1339,1.1032,1.0721,1.22,1.0879,1.0167,1.0321,0.93769,0.98663,0.87212,1.0359,1.0747,1.168,1.0197,1.1273,0.9071,0.89839,0.92834,1.1354,1.0964,1.0108,1.1013,1.1593,0.95459,1.0074,0.99905,1.1822,1.1166,1.0351,1.3464,1.0298,0.99117,1.1051,1.1368,1.2404,1.0913,1.1862,0.9713,1.1251,1.0182,1.0503,1.0965,1.0525,1.26,1.1848,0.90559,1.1391,0.9501,1.2014,1.0394,0.93339,1.067,0.97144,1.2095,1.059,1.1017,1.0914,0.89545,1.0602,1.1367,0.99978,1.0772,1.0029,1.1566,1.0933,0.96625,0.79941,0.97983,1.1341,1.0201,1.1277,1.0772,0.87474,1.0157,0.93276,1.146,0.86146,1.0982,1.1197,1.0387,1.1674,1.1589,1.1311,1.1273,0.96275,0.95064,0.94618,1.2442
1.0435,1.0101,0.86797,0.98276,1.0464,1.13,1.0844,0.93144,1.1574,0.77063,1.1291,0.98932,1.1121,0.96557,1.0002,1.0204,1.177,1.0011,0.94618,0.92807,1.0329,1.0508,0.93651,1.1223,0.9337,0.94875,1.0476,0.95846,0.99153,0.97778,1.0161,1.0249,0.92324,0.90111,0.9935,1.0185,0.81688,1.0873,0.93547,1.194,0.95573,1.0701,0.96848,1.2674,0.93005,0.85947,1.0725,0.93314,1.0629,1.059,1.0229,1.0094,1.0341,1.0346,0.99185,0.82115,1.0943,1.0461,1.0245,1.104,1.354,1.1072,1.0737,1.1381,1.0531,0.93067,0.98867,1.0006,1.131,1.0642,1.0849,1.1157,1.0293,0.98704,1.1818,1.0139,1.1853,0.9135,0.96065,1.1017,1.1839,1.0277,0.90718,1.3188,1.0394,0.96071,0.95116,1.1496,0.98494,1.127,1.0307,1.0482,1.0652,0.88703,1.1497,1.1216,1.0711,0.86875,1.0238,0.8855
